--
-- Contenu de la table `direction`
--

INSERT INTO `adm_direction` (`id`, `libelle`) VALUES
(1, 'Achat Marketing'),
(2, 'Ventes'),
(3, 'Travaux'),
(4, 'Expansion'),
(5, 'Logistique'),
(6, 'Supports'),
(7, 'Diversification');

--
-- Contenu de la table `pole`
--

INSERT INTO `adm_pole` (`id`, `libelle`, `service_id`) VALUES
(1, 'Compte Clés', 1),
(2, 'ZG France Ouest', 1),
(3, 'ZG France Est', 1),
(4, 'ZG France Sud', 1),
(6, 'Espagne', 1),
(7, 'Italie', 1),
(8, 'France/Belgique', 2),
(9, 'Europe 1', 2),
(10, 'Europe 2', 2),
(11, 'Europe 3', 2),
(12, 'Europe 4', 2),
(13, 'France', 3),
(14, 'Europe', 3),
(15, 'Alim / BNA / Surgelés', 4),
(16, 'Boissons Alcoolisées/GD', 4),
(17, 'DPH / ADT', 4),
(18, 'Confection HEL', 4),
(19, 'Confection Femme', 4),
(20, 'Intérieur et Technologie', 4),
(21, 'Jouet / Sports', 4),
(22, 'Brico / Jardin / Linge de Maison', 4),
(23, 'Chaussures / Maro / Accessoires', 4),
(24, 'Administration Générale', 6),
(25, 'Cellule Concepts', 6),
(26, 'Cellule Métiers', 6),
(27, 'Ouvertures', 6),
(28, 'Réseau Nord', 6),
(29, 'Réseau Ouest', 6),
(30, 'Réseau Est', 6),
(31, 'Réseau Sud Ouest', 6),
(32, 'Réseau Centre', 6),
(33, 'Réseau Sud Est', 6),
(34, 'Cellule Démarque Inconnue', 6),
(35, 'Travaux', 10),
(36, 'Maintenance', 10),
(37, 'Loiron', 14),
(38, 'Pont Audemer', 14),
(39, 'Auxerre', 14),
(40, 'Chaumont', 14),
(41, 'Bozouls', 14),
(42, 'Angers', 14),
(43, 'Romorantin', 14),
(44, 'Secrétariat de Direction', 15),
(48, 'Etudes et Développement', 17),
(49, 'Contrôle de Gestion', 17),
(50, 'Audit', 17),
(51, 'Exploitation - ADM', 19),
(52, 'Exploitation - Hotline', 19),
(53, 'Exploitation - Projet', 19),
(54, 'Etudes - Décisionnel', 19),
(55, 'Etudes - SAP', 19),
(56, 'Administration RH', 16),
(57, 'Trésorerie', 18),
(58, 'Audit - DAF', 18),
(59, 'Comptable', 18),
(60, 'Administration Fournisseur', 18),
(61, 'Qualité', 15),
(62, 'Mission RH', 15),
(65, 'Recrutement', 15),
(66, 'Juridique', 15),
(67, 'Pôle Positionnement et Relation Fournisseur', 12),
(68, 'Pôle Livraison Magasin', 12),
(69, 'Navette Inter Sites', 12),
(70, 'Guéret', 14),
(71, 'Angleterre', 1),
(72, 'Allemagne', 1),
(73, 'France', 20),
(74, 'Angleterre', 20),
(75, 'Italie', 20),
(76, 'Espagne', 20),
(77, 'Allemagne', 20),
(78, 'Portugal', 20),
(79, 'Pays-Bas', 20),
(80, 'Pologne', 20),
(81, 'Belgique', 20),
(82, 'République Tchèque', 20),
(83, 'Papeterie/Librairie', 4),
(84, 'Aucun pôle spécifique', 4);

--
-- Contenu de la table `service`
--

INSERT INTO `adm_service` (`id`, `libelle`, `direction_id`) VALUES
(1, 'Achats Europe', 1),
(2, 'Achats Sédentaire', 1),
(3, 'Plateau Acos', 1),
(4, 'Marketing', 1),
(5, 'Service Supports DAM', 1),
(6, 'Réseau Commercial', 2),
(7, 'Communication', 2),
(9, 'Sécurité', 3),
(10, 'Travaux - Maintenance', 3),
(11, 'Flux', 5),
(12, 'Transport', 5),
(13, 'Support Production', 5),
(14, 'Plateforme', 5),
(15, 'Secrétariat Général', 6),
(16, 'Direction des Ressources Humaines', 6),
(17, 'Etudes et Contrôle de Gestion', 6),
(18, 'Direction Administrative et Financière', 6),
(19, 'Informatique', 6),
(20, 'France Invendu', 7),
(21, 'Grand Import', 7),
(22, 'SPS', 7),
(23, 'COR', 7),
(24, 'Expansion', 4);
